{
  "alpha065": 0.0016343711933689254,
  "alpha006": 0.001377468415056136,
  "alpha047": 0.001177941837629934,
  "alpha054": 0.0011467899236378384,
  "momentum_12_1": 0.0008749572935798916,
  "alpha030": 0.0008290576006130408,
  "alpha020": 0.0008056229970879196,
  "alpha043": 0.000784957463249032,
  "alpha040": 0.0007532017505850278,
  "alpha061": 0.0006082469259500456,
  "alpha056": 0.0004358138251643953,
  "alpha032": 0.0004287253178882705,
  "alpha074": 0.0003912862708563251,
  "alpha071": 0.0003838599347848533,
  "alpha007": 0.00038285037166173395,
  "alpha060": 0.00029632910953429614,
  "alpha028": 0.0002882395179155667,
  "alpha027": 0.0002609720103505139,
  "alpha009": 0.0002314747794426382,
  "alpha014": 0.00016775087609209697,
  "alpha018": 0.0001565064131620627,
  "alpha004": 0.0001554871639583547,
  "alpha062": 0.0001197471243481085,
  "alpha042": 0.00010843749593114236,
  "alpha023": 7.947299167562196e-05,
  "alpha025": 4.9470282080852057e-05,
  "alpha075": 3.434283070328937e-05,
  "alpha033": 6.905951075648755e-06,
  "alpha037": 0.0,
  "alpha036": 0.0
}