{
  "annual_return": 0.03236334478155123,
  "sharpe": 0.43240470794131797,
  "max_drawdown": -0.1626899478473726,
  "alpha": 0.0303955809346681,
  "beta": 0.07115168846270921,
  "benchmark_annual_return": 0.05060881097719294,
  "excess_return": -0.018245466195641713,
  "note": null
}