{
  "annual_return": 0.2864340443761524,
  "sharpe": 2.4227816305614908e+16,
  "max_drawdown": 0.0,
  "alpha": NaN,
  "beta": NaN,
  "benchmark_annual_return": 0.16317653888658268,
  "excess_return": 0.12325750548956971
}