{
  "experiment_id": "exp-20260329-009-ma10-ma30-cross",
  "total_return": 0.08123199098811984,
  "annual_return": 0.01154231612264578,
  "annualized_return": 0.01154231612264578,
  "max_drawdown": -0.4115284658081405,
  "sharpe": 0.15581913516929427,
  "trade_count": 46,
  "trades": 46,
  "win_rate": 0.43478260869565216
}