{
  "experiment_id": "exp-20260329-008-parquet-entry25-exit20",
  "wfo_summary": {
    "window_count": 6,
    "train_sharpe_mean": 0.41908660860753627,
    "test_sharpe_mean": 0.2810758963128476,
    "ratio": 0.6706868951187792,
    "ratio_gt_0_5": true,
    "all_test_sharpes_gt_0": false
  },
  "mc_summary": {
    "n_simulations": 1000,
    "p_max_drawdown_gt_18pct": 0.005,
    "drawdown_mean": -0.09679012803896202,
    "drawdown_p5": -0.14586787668888607,
    "drawdown_p95": -0.05987488947096864
  },
  "param_search_summary": "entry25/exit20 在修正滑点 0.1% 下继续作为 Phase 2 Module A 基线。",
  "generated_at": "2026-03-29T23:59:00+08:00",
  "slippage_corrected": {
    "old_slippage": 0.0005,
    "new_slippage": 0.001,
    "baseline_position_fraction": 0.5,
    "module_a_result_path": "coordination/module_a_result.json"
  }
}